Lead Name,WhatsApp Number,Email ID,Study Destination,Town,Submission Date,UTM Source,utm_medium,Campaign,Funnel Stage,College,Intake,Assigned To,Community Name,Internal Notes
Tunde Khan,+91 9691180239,tunde.khan13@gmail.com,Canada,Nairobi,5/7/2026,ig,community,scholarship_2026,New,Sheffield Hallam,Jan 2027,Aditi,Community #1,follow up
Ishita Khan,+233 7405639260,ishita.khan81@gmail.com,Australia,Pune,18/6/2026,referral,community,,New,TU Munich,Sep 2026,Chirag,Community #1,asked about visa
Fatima Osei,+92 8835899391,fatima.osei24@gmail.com,UK,Nairobi,18/6/2026,referral,referral,mmt_amber_partnership,New,,Sep 2026,Raj,Community #1,asked about visa
Ishita Singh,+880 8918769399,ishita.singh47@gmail.com,Canada,Dhaka,18/8/2026,whatsapp,referral,aspirants,Lost,Monash,Jan 2027,Neha,Community #2,hot lead
Fatima Bello,+880 7540554833,fatima.bello20@gmail.com,Germany,Lahore,3/8/2026,ig,social,mmt_amber_partnership,Qualified,UBC,Jan 2027,Aditi,Community #1,
Chioma Okonkwo,+91 9395850580,chioma.okonkwo83@gmail.com,Australia,Delhi,16/7/2026,direct,organic,,Qualified,University of Birmingham,Jan 2027,Neha,Community #1,
Kwame Rahman,+234 9419442455,kwame.rahman51@gmail.com,Germany,Accra,2/7/2026,ig,referral,,Booked,,Jan 2027,Chirag,Community #2,hot lead
Mehak Gupta,+234 7494520876,mehak.gupta23@gmail.com,USA,Dhaka,14/8/2026,whatsapp,social,,Lost,NTU,Jan 2027,Neha,Community #1,follow up
Mehak Malik,+233 8044026448,mehak.malik89@gmail.com,Australia,Nairobi,18/7/2026,ig,none,,Booked,ASU,Jan 2027,Raj,Community #2,asked about visa
Chinedu Ahmed,+880 7531824408,chinedu.ahmed44@gmail.com,Australia,Pune,7/6/2026,ig,social,scholarship_2026,Lost,Sheffield Hallam,Jan 2027,Raj,Community #1,follow up
Rahul Verma,+92 8973557731,rahul.verma61@gmail.com,UK,Lagos,13/8/2026,direct,none,,Booked,Monash,Sep 2026,Chirag,Community #1,hot lead
Adaeze Iyer,+233 7075636897,adaeze.iyer68@gmail.com,Canada,Karachi,9/8/2026,referral,social,mmt_amber_partnership,New,Monash,Jan 2027,Chirag,Community #1,follow up
Divya Bello,+92 9085439234,divya.bello79@gmail.com,USA,Dhaka,18/8/2026,direct,referral,scholarship_2026,Lost,Warwick,Jan 2027,Raj,Community #1,hot lead
Kwame Malik,+92 8465455812,kwame.malik47@gmail.com,UK,Dhaka,9/7/2026,ig,referral,,Contacted,UBC,Sep 2026,Aditi,Community #1,asked about visa
Kabir Okonkwo,+977 7392960926,kabir.okonkwo92@gmail.com,USA,Accra,12/8/2026,whatsapp,none,mmt_amber_partnership,New,ASU,Jan 2027,Aditi,Community #1,follow up
Aarav Mensah,+233 9965070994,aarav.mensah84@gmail.com,USA,Nairobi,5/6/2026,referral,none,mmt_amber_partnership,Contacted,,Sep 2026,Raj,Community #1,
Obi Mensah,+880 9856535533,obi.mensah28@gmail.com,UK,Bengaluru,24/8/2026,whatsapp,organic,scholarship_2026,Lost,UBC,Jan 2027,Aditi,Community #1,
Hina Eze,+977 8911577732,hina.eze54@gmail.com,Australia,Karachi,12/8/2026,referral,referral,aspirants,Booked,NTU,Sep 2026,Chirag,Community #1,follow up
Imran Patel,+233 7202352727,imran.patel88@gmail.com,Australia,Mumbai,20/7/2026,referral,none,aspirants,Lost,University of Birmingham,Sep 2026,Chirag,Community #1,
Hamza Reddy,+91 9490318305,hamza.reddy57@gmail.com,Canada,Nairobi,17/6/2026,referral,community,scholarship_2026,Qualified,Warwick,Jan 2027,Chirag,Community #1,follow up
Ishita Patel,+880 8448751416,ishita.patel10@gmail.com,USA,Lahore,5/7/2026,ig,referral,mmt_amber_partnership,New,NTU,Jan 2027,Chirag,Community #1,follow up
Imran Patel,+880 9899773866,imran.patel21@gmail.com,USA,Karachi,8/7/2026,direct,community,,Qualified,ASU,Sep 2026,Neha,Community #1,
Aarav Singh,+233 8502967731,aarav.singh91@gmail.com,UK,Lahore,12/8/2026,google,community,mmt_amber_partnership,Lost,Sheffield Hallam,Sep 2026,Chirag,Community #1,
Priya Iyer,+92 9476526981,priya.iyer55@gmail.com,Canada,Lahore,9/7/2026,whatsapp,community,,Qualified,Sheffield Hallam,Jan 2027,Raj,Community #1,asked about visa
Aarav Okonkwo,+92 7274489715,aarav.okonkwo29@gmail.com,UK,Bengaluru,9/6/2026,ig,none,aspirants,Qualified,,Jan 2027,Neha,Community #1,
Sneha Patel,+234 7858116603,sneha.patel24@gmail.com,USA,Bengaluru,23/8/2026,google,community,scholarship_2026,Qualified,Warwick,Sep 2026,Neha,Community #1,
Aarav Sharma,+977 8656982227,aarav.sharma25@gmail.com,Australia,Accra,2/7/2026,whatsapp,none,aspirants,Booked,Warwick,Jan 2027,Neha,Community #1,follow up
Amara Mensah,+880 8138817128,amara.mensah17@gmail.com,UK,Lagos,7/7/2026,google,none,scholarship_2026,New,Sheffield Hallam,Jan 2027,Neha,Community #1,hot lead
Ayesha Iyer,+92 8460810474,ayesha.iyer34@gmail.com,Canada,Kathmandu,15/6/2026,referral,organic,scholarship_2026,New,Monash,Sep 2026,Neha,Community #1,
Chinedu Kaur,+92 8647495985,chinedu.kaur26@gmail.com,USA,Mumbai,13/7/2026,ig,social,mmt_amber_partnership,New,NTU,Jan 2027,Raj,Community #2,
Sana Nwosu,+91 8918879361,sana.nwosu97@gmail.com,USA,Delhi,10/7/2026,referral,none,mmt_amber_partnership,Booked,NTU,Jan 2027,Chirag,Community #1,asked about visa
Kabir Bello,+234 9981578649,kabir.bello97@gmail.com,Australia,Nairobi,23/8/2026,ig,community,scholarship_2026,New,University of Birmingham,Sep 2026,Chirag,Community #1,
Hamza Reddy,+91 9057012469,hamza.reddy81@gmail.com,Australia,Delhi,27/7/2026,whatsapp,none,mmt_amber_partnership,New,Warwick,Sep 2026,Raj,Community #1,asked about visa
Chinedu Verma,+234 9389836898,chinedu.verma30@gmail.com,Germany,Accra,26/7/2026,direct,social,,Qualified,University of Birmingham,Sep 2026,Raj,Community #1,hot lead
Imran Rahman,+233 8860427490,imran.rahman2@gmail.com,Germany,Pune,21/7/2026,direct,organic,aspirants,Contacted,Warwick,Jan 2027,Neha,Community #2,asked about visa
Fatima Reddy,+234 8021221253,fatima.reddy61@gmail.com,UK,Bengaluru,25/7/2026,direct,social,,Qualified,ASU,Sep 2026,Chirag,Community #1,
Rohan Verma,+92 7434589084,rohan.verma81@gmail.com,Australia,Bengaluru,24/6/2026,ig,organic,scholarship_2026,Booked,Warwick,Jan 2027,Raj,Community #1,
Hamza Gupta,+92 9382828442,hamza.gupta54@gmail.com,Canada,Lahore,22/7/2026,google,social,mmt_amber_partnership,New,UBC,Jan 2027,Aditi,Community #1,follow up
Hina Rahman,+92 8219618516,hina.rahman51@gmail.com,Germany,Nairobi,1/8/2026,ig,organic,,Qualified,University of Birmingham,Jan 2027,Raj,Community #1,hot lead
Sneha Verma,+880 8674351366,sneha.verma25@gmail.com,Canada,Lahore,5/8/2026,ig,none,scholarship_2026,New,University of Birmingham,Jan 2027,Aditi,Community #1,hot lead
Obi Reddy,+234 7559571890,obi.reddy54@gmail.com,Canada,Bengaluru,2/7/2026,google,organic,mmt_amber_partnership,Booked,TU Munich,Jan 2027,Aditi,Community #2,
Ayesha Okonkwo,+234 8640375152,ayesha.okonkwo71@gmail.com,USA,Accra,21/6/2026,google,none,,Contacted,,Sep 2026,Chirag,Community #1,follow up
Chinedu Singh,+234 8206843863,chinedu.singh73@gmail.com,USA,Pune,18/7/2026,direct,none,,Lost,TU Munich,Jan 2027,Neha,Community #1,
Emeka Adeyemi,+234 9250375981,emeka.adeyemi68@gmail.com,USA,Lagos,9/7/2026,google,referral,,Booked,Warwick,Jan 2027,Neha,Community #1,follow up
Chioma Kaur,+233 8605010023,chioma.kaur10@gmail.com,Germany,Mumbai,14/6/2026,direct,none,scholarship_2026,New,TU Munich,Sep 2026,Chirag,Community #1,asked about visa
Divya Khan,+91 9563426469,divya.khan30@gmail.com,Australia,Pune,18/6/2026,google,referral,mmt_amber_partnership,Lost,ASU,Sep 2026,Raj,Community #1,hot lead
Kwame Gupta,+92 7732688782,kwame.gupta1@gmail.com,UK,Mumbai,19/8/2026,google,none,mmt_amber_partnership,Qualified,TU Munich,Jan 2027,Chirag,Community #1,
Sana Rahman,+91 7071335443,sana.rahman64@gmail.com,Germany,Lagos,23/7/2026,google,referral,,Qualified,TU Munich,Jan 2027,Raj,Community #1,asked about visa
Tunde Ahmed,+91 9611848287,tunde.ahmed95@gmail.com,Australia,Lagos,22/7/2026,whatsapp,none,scholarship_2026,Qualified,TU Munich,Sep 2026,Aditi,Community #1,hot lead
Ananya Kaur,+233 7613739271,ananya.kaur63@gmail.com,Germany,Delhi,4/7/2026,ig,community,scholarship_2026,Booked,University of Birmingham,Sep 2026,Raj,Community #1,asked about visa
Priya Iyer,+880 8473351182,priya.iyer94@gmail.com,UK,Lagos,23/6/2026,whatsapp,organic,scholarship_2026,Contacted,,Jan 2027,Raj,Community #1,asked about visa
Hamza Iyer,+91 7009420255,hamza.iyer36@gmail.com,UK,Kathmandu,11/7/2026,direct,social,scholarship_2026,Booked,UBC,Jan 2027,Aditi,Community #1,
Kwame Adeyemi,+233 8462535300,kwame.adeyemi42@gmail.com,Canada,Islamabad,16/8/2026,direct,social,,Contacted,ASU,Sep 2026,Aditi,Community #1,asked about visa
Obi Khan,+92 7638718238,obi.khan78@gmail.com,Canada,Kathmandu,26/6/2026,google,organic,aspirants,Qualified,UBC,Jan 2027,Neha,Community #1,
Sneha Patel,+880 9344771045,sneha.patel50@gmail.com,Canada,Lahore,27/6/2026,direct,referral,,Contacted,University of Birmingham,Jan 2027,Chirag,Community #1,hot lead
Mehak Malik,+91 8677335862,mehak.malik51@gmail.com,USA,Dhaka,15/7/2026,direct,social,aspirants,Booked,,Jan 2027,Chirag,Community #2,
Ananya Okonkwo,+234 7315965189,ananya.okonkwo64@gmail.com,Germany,Karachi,9/6/2026,whatsapp,referral,,Booked,TU Munich,Sep 2026,Neha,Community #1,hot lead
Mehak Verma,+977 7853036108,mehak.verma57@gmail.com,USA,Karachi,9/8/2026,whatsapp,referral,scholarship_2026,Qualified,TU Munich,Jan 2027,Raj,Community #2,hot lead
Rohan Nwosu,+977 9649123178,rohan.nwosu84@gmail.com,Germany,Pune,17/6/2026,ig,social,,Contacted,Warwick,Jan 2027,Raj,Community #1,follow up
Kwame Malik,+233 7636219845,kwame.malik48@gmail.com,Australia,Karachi,2/6/2026,direct,community,mmt_amber_partnership,New,Sheffield Hallam,Jan 2027,Chirag,Community #1,hot lead
Priya Ahmed,+92 7125288567,priya.ahmed94@gmail.com,USA,Pune,5/7/2026,google,none,mmt_amber_partnership,Contacted,Monash,Sep 2026,Chirag,Community #1,asked about visa
Chinedu Ali,+91 9607861812,chinedu.ali85@gmail.com,Australia,Karachi,16/8/2026,referral,social,scholarship_2026,Booked,Monash,Jan 2027,Neha,Community #1,asked about visa
Imran Osei,+92 8356864584,imran.osei3@gmail.com,Canada,Delhi,10/6/2026,whatsapp,none,,Contacted,University of Birmingham,Jan 2027,Chirag,Community #2,
Emeka Adeyemi,+880 9533131305,emeka.adeyemi17@gmail.com,UK,Pune,13/6/2026,referral,referral,,New,UBC,Sep 2026,Chirag,Community #1,hot lead
Ayesha Okonkwo,+91 8257474292,ayesha.okonkwo97@gmail.com,USA,Bengaluru,17/6/2026,whatsapp,social,,Qualified,University of Birmingham,Jan 2027,Raj,Community #1,follow up
Ananya Ahmed,+880 7599584111,ananya.ahmed28@gmail.com,UK,Lahore,13/8/2026,referral,referral,,Qualified,Sheffield Hallam,Sep 2026,Chirag,Community #1,
Divya Khan,+977 9746652493,divya.khan16@gmail.com,Germany,Nairobi,27/8/2026,direct,community,mmt_amber_partnership,Booked,Monash,Sep 2026,Aditi,Community #2,hot lead
Hamza Iyer,+91 7011491119,hamza.iyer63@gmail.com,Germany,Dhaka,17/7/2026,direct,community,,Contacted,Warwick,Jan 2027,Raj,Community #1,follow up
Mehak Okonkwo,+880 8652676867,mehak.okonkwo85@gmail.com,UK,Pune,14/7/2026,whatsapp,social,mmt_amber_partnership,Lost,Sheffield Hallam,Sep 2026,Aditi,Community #1,
Imran Patel,+234 7431274470,imran.patel37@gmail.com,USA,Delhi,20/6/2026,whatsapp,social,mmt_amber_partnership,Lost,Monash,Sep 2026,Neha,Community #1,asked about visa
Rohan Kaur,+234 8939444454,rohan.kaur79@gmail.com,Australia,Dhaka,9/6/2026,google,organic,aspirants,Contacted,NTU,Jan 2027,Chirag,Community #1,hot lead
Kabir Verma,+91 9517479562,kabir.verma7@gmail.com,Canada,Accra,6/7/2026,referral,community,aspirants,Qualified,,Jan 2027,Neha,Community #1,asked about visa
Rahul Adeyemi,+92 9505520667,rahul.adeyemi57@gmail.com,USA,Karachi,19/7/2026,referral,social,mmt_amber_partnership,Lost,Monash,Jan 2027,Neha,Community #1,
Ngozi Malik,+977 8416364747,ngozi.malik66@gmail.com,Canada,Pune,5/6/2026,whatsapp,none,scholarship_2026,Lost,University of Birmingham,Sep 2026,Raj,Community #1,hot lead
Rohan Adeyemi,+233 7734864163,rohan.adeyemi75@gmail.com,Canada,Nairobi,4/7/2026,whatsapp,referral,mmt_amber_partnership,Lost,Warwick,Sep 2026,Chirag,Community #1,follow up
Hamza Patel,+91 9091228965,hamza.patel86@gmail.com,Canada,Lahore,5/8/2026,google,social,aspirants,Lost,UBC,Jan 2027,Aditi,Community #1,follow up
Priya Reddy,+91 8330334334,priya.reddy31@gmail.com,USA,Pune,2/6/2026,ig,social,scholarship_2026,Contacted,ASU,Sep 2026,Aditi,Community #1,hot lead
Sana Khan,+977 9565672642,sana.khan92@gmail.com,Australia,Pune,10/6/2026,direct,none,,New,Warwick,Sep 2026,Chirag,Community #1,hot lead
Priya Patel,+92 9920544511,priya.patel92@gmail.com,UK,Bengaluru,21/6/2026,referral,none,mmt_amber_partnership,Qualified,TU Munich,Sep 2026,Raj,Community #1,hot lead
Imran Ahmed,+234 9444952843,imran.ahmed25@gmail.com,Germany,Kathmandu,27/6/2026,referral,referral,,Lost,Warwick,Jan 2027,Raj,Community #1,asked about visa
Emeka Rahman,+234 8283091608,emeka.rahman75@gmail.com,UK,Nairobi,8/8/2026,whatsapp,referral,aspirants,New,Sheffield Hallam,Sep 2026,Chirag,Community #1,follow up
Aarav Khan,+234 9269594350,aarav.khan82@gmail.com,UK,Islamabad,1/8/2026,ig,social,aspirants,Lost,UBC,Sep 2026,Raj,Community #2,
Kwame Patel,+91 7112893122,kwame.patel12@gmail.com,Canada,Accra,7/6/2026,ig,referral,aspirants,Contacted,Monash,Jan 2027,Neha,Community #2,hot lead
Bilal Rahman,+91 9345458237,bilal.rahman42@gmail.com,Australia,Mumbai,12/6/2026,direct,organic,aspirants,Booked,University of Birmingham,Jan 2027,Raj,Community #1,asked about visa
Zainab Osei,+234 9340921913,zainab.osei74@gmail.com,Canada,Karachi,2/8/2026,direct,social,scholarship_2026,Qualified,University of Birmingham,Sep 2026,Neha,Community #2,
Kabir Iyer,+880 8941655506,kabir.iyer66@gmail.com,Canada,Nairobi,23/7/2026,whatsapp,organic,scholarship_2026,Contacted,Warwick,Sep 2026,Raj,Community #1,asked about visa
Kabir Patel,+977 8070356611,kabir.patel13@gmail.com,Germany,Lahore,18/8/2026,ig,none,aspirants,Qualified,TU Munich,Jan 2027,Neha,Community #2,follow up
Sneha Eze,+234 8741787868,sneha.eze97@gmail.com,Australia,Delhi,21/7/2026,ig,organic,mmt_amber_partnership,Lost,NTU,Jan 2027,Neha,Community #1,asked about visa
Divya Verma,+233 7757026522,divya.verma43@gmail.com,Germany,Delhi,23/7/2026,whatsapp,community,scholarship_2026,Qualified,Monash,Sep 2026,Chirag,Community #1,hot lead
Mehak Iyer,+234 8075034808,mehak.iyer34@gmail.com,UK,Karachi,17/8/2026,ig,referral,,Contacted,NTU,Jan 2027,Neha,Community #2,hot lead
Sana Patel,+92 7676460900,sana.patel60@gmail.com,UK,Pune,4/6/2026,direct,none,scholarship_2026,Lost,Monash,Jan 2027,Raj,Community #1,hot lead
Tunde Sharma,+977 7793966364,tunde.sharma90@gmail.com,Australia,Nairobi,24/8/2026,direct,referral,scholarship_2026,Contacted,Sheffield Hallam,Jan 2027,Aditi,Community #1,hot lead
Fatima Ali,+234 9563662446,fatima.ali92@gmail.com,USA,Bengaluru,23/8/2026,direct,none,,New,ASU,Sep 2026,Neha,Community #1,asked about visa
Priya Verma,+233 7713931081,priya.verma92@gmail.com,USA,Mumbai,4/7/2026,google,social,,Lost,TU Munich,Jan 2027,Raj,Community #1,hot lead
Hamza Ahmed,+977 7602261444,hamza.ahmed66@gmail.com,UK,Islamabad,24/7/2026,referral,organic,aspirants,Qualified,Monash,Jan 2027,Aditi,Community #1,
Obi Ali,+977 9288098458,obi.ali46@gmail.com,Australia,Bengaluru,14/6/2026,ig,referral,mmt_amber_partnership,Booked,,Sep 2026,Aditi,Community #2,follow up
Obi Okonkwo,+977 7632971493,obi.okonkwo83@gmail.com,Australia,Islamabad,5/6/2026,whatsapp,referral,mmt_amber_partnership,Booked,Warwick,Jan 2027,Chirag,Community #2,hot lead
Chioma Gupta,+977 7830865850,chioma.gupta87@gmail.com,USA,Accra,9/6/2026,ig,organic,mmt_amber_partnership,Contacted,Monash,Jan 2027,Aditi,Community #2,asked about visa
Chinedu Adeyemi,+234 7993460477,chinedu.adeyemi8@gmail.com,UK,Nairobi,21/8/2026,google,referral,mmt_amber_partnership,Lost,University of Birmingham,Sep 2026,Chirag,Community #1,hot lead
Fatima Osei,+234 9798940623,fatima.osei24@gmail.com,Germany,Kathmandu,20/7/2026,whatsapp,referral,,Lost,NTU,Sep 2026,Neha,Community #1,asked about visa
Rohan Okonkwo,+977 9750167486,rohan.okonkwo86@gmail.com,UK,Mumbai,7/8/2026,ig,organic,,Contacted,NTU,Jan 2027,Aditi,Community #1,asked about visa
Chioma Kaur,+234 8632431576,chioma.kaur70@gmail.com,Australia,Islamabad,5/7/2026,ig,referral,mmt_amber_partnership,Booked,Warwick,Jan 2027,Aditi,Community #1,asked about visa
Chinedu Iyer,+977 8180893378,chinedu.iyer83@gmail.com,UK,Pune,22/7/2026,referral,social,mmt_amber_partnership,New,,Jan 2027,Aditi,Community #1,
Ishita Mensah,+92 7309596379,ishita.mensah47@gmail.com,Canada,Accra,23/6/2026,referral,community,scholarship_2026,Qualified,ASU,Jan 2027,Aditi,Community #1,
Mehak Kaur,+880 8093576027,mehak.kaur35@gmail.com,Australia,Kathmandu,10/7/2026,whatsapp,none,aspirants,Qualified,TU Munich,Jan 2027,Neha,Community #1,
Imran Reddy,+880 8787185241,imran.reddy7@gmail.com,Germany,Bengaluru,13/6/2026,ig,social,aspirants,Contacted,Warwick,Sep 2026,Aditi,Community #1,
Vikram Eze,+977 9499132793,vikram.eze13@gmail.com,USA,Pune,2/6/2026,direct,social,aspirants,Qualified,NTU,Jan 2027,Neha,Community #1,follow up
Karan Sharma,+880 8855794117,karan.sharma75@gmail.com,UK,Accra,2/7/2026,referral,community,aspirants,New,ASU,Jan 2027,Aditi,Community #1,
Ananya Osei,+977 7508872317,ananya.osei99@gmail.com,Germany,Mumbai,13/8/2026,ig,social,,Contacted,NTU,Sep 2026,Aditi,Community #1,
Fatima Okonkwo,+234 9849325905,fatima.okonkwo17@gmail.com,Germany,Pune,22/8/2026,google,community,scholarship_2026,Booked,NTU,Sep 2026,Neha,Community #1,
Zainab Kaur,+880 9193943298,zainab.kaur7@gmail.com,UK,Pune,21/7/2026,ig,social,aspirants,Booked,Monash,Jan 2027,Chirag,Community #2,
Emeka Eze,+880 9217931819,emeka.eze19@gmail.com,UK,Kathmandu,12/7/2026,whatsapp,none,,Booked,Warwick,Jan 2027,Neha,Community #1,hot lead
Sana Malik,+92 9849389406,sana.malik93@gmail.com,UK,Karachi,20/6/2026,referral,organic,,Contacted,ASU,Jan 2027,Aditi,Community #1,asked about visa
Aarav Singh,+92 7878265377,aarav.singh21@gmail.com,Australia,Pune,23/7/2026,google,referral,scholarship_2026,Qualified,,Jan 2027,Neha,Community #1,asked about visa
Kabir Nwosu,+92 8988617544,kabir.nwosu87@gmail.com,Germany,Accra,7/7/2026,whatsapp,organic,aspirants,Booked,Warwick,Sep 2026,Neha,Community #1,follow up
Rohan Verma,+233 8051872467,rohan.verma65@gmail.com,Australia,Dhaka,19/7/2026,whatsapp,referral,scholarship_2026,New,NTU,Jan 2027,Neha,Community #1,asked about visa
Rahul Nwosu,+91 8616359026,rahul.nwosu14@gmail.com,Canada,Delhi,28/8/2026,direct,social,scholarship_2026,Qualified,University of Birmingham,Jan 2027,Neha,Community #1,
Nikhil Osei,+880 8922584341,nikhil.osei28@gmail.com,Canada,Bengaluru,7/6/2026,direct,social,,Lost,NTU,Jan 2027,Raj,Community #1,follow up
Chinedu Sharma,+91 7114083056,chinedu.sharma48@gmail.com,Germany,Accra,13/6/2026,ig,community,,New,Sheffield Hallam,Jan 2027,Neha,Community #1,
Tunde Iyer,+880 9784230935,tunde.iyer48@gmail.com,USA,Islamabad,17/8/2026,whatsapp,referral,aspirants,Qualified,UBC,Sep 2026,Raj,Community #1,hot lead
Imran Kaur,+91 7331128978,imran.kaur41@gmail.com,UK,Dhaka,23/8/2026,google,community,,New,Warwick,Jan 2027,Neha,Community #1,asked about visa
Adaeze Gupta,+234 8446341255,adaeze.gupta19@gmail.com,UK,Accra,12/6/2026,whatsapp,social,scholarship_2026,Contacted,Sheffield Hallam,Jan 2027,Chirag,Community #2,
Aarav Okonkwo,+880 8113352279,aarav.okonkwo30@gmail.com,Germany,Lagos,27/7/2026,google,referral,mmt_amber_partnership,Contacted,University of Birmingham,Sep 2026,Aditi,Community #1,asked about visa
Ishita Ali,+234 7510113331,ishita.ali35@gmail.com,Australia,Bengaluru,9/6/2026,google,referral,mmt_amber_partnership,Booked,Sheffield Hallam,Jan 2027,Aditi,Community #2,
Priya Ahmed,+233 8564547517,priya.ahmed16@gmail.com,Canada,Dhaka,17/6/2026,google,none,mmt_amber_partnership,Contacted,TU Munich,Sep 2026,Aditi,Community #1,asked about visa
Amara Rahman,+234 9096512100,amara.rahman57@gmail.com,Australia,Kathmandu,2/6/2026,referral,referral,,New,,Jan 2027,Chirag,Community #1,asked about visa
Kwame Verma,+233 7592028097,kwame.verma24@gmail.com,Australia,Dhaka,14/6/2026,whatsapp,referral,aspirants,New,Warwick,Jan 2027,Chirag,Community #1,follow up
Chioma Ahmed,+233 8009336514,chioma.ahmed2@gmail.com,UK,Islamabad,22/8/2026,referral,none,aspirants,Lost,UBC,Jan 2027,Neha,Community #2,
Obi Kaur,+234 9857497226,obi.kaur35@gmail.com,USA,Karachi,14/6/2026,referral,organic,aspirants,Contacted,UBC,Sep 2026,Neha,Community #2,
Chioma Nwosu,+92 9553059989,chioma.nwosu74@gmail.com,UK,Bengaluru,12/6/2026,ig,none,,Lost,University of Birmingham,Sep 2026,Raj,Community #1,
Ayesha Iyer,+91 8022042828,ayesha.iyer72@gmail.com,UK,Pune,20/6/2026,ig,referral,mmt_amber_partnership,New,Warwick,Sep 2026,Aditi,Community #1,hot lead
Ayesha Khan,+92 7403270928,ayesha.khan64@gmail.com,Australia,Mumbai,23/6/2026,google,social,aspirants,New,ASU,Sep 2026,Chirag,Community #1,follow up
Hamza Gupta,+234 9706612425,hamza.gupta82@gmail.com,Germany,Islamabad,19/8/2026,direct,community,aspirants,Booked,University of Birmingham,Jan 2027,Neha,Community #2,follow up
Ishita Osei,+92 9670762506,ishita.osei72@gmail.com,UK,Kathmandu,23/7/2026,referral,referral,mmt_amber_partnership,Contacted,ASU,Sep 2026,Neha,Community #1,follow up
Ishita Ahmed,+233 9192612729,ishita.ahmed29@gmail.com,USA,Lahore,11/6/2026,direct,none,aspirants,New,University of Birmingham,Jan 2027,Neha,Community #1,
Rohan Sharma,+880 7775415166,rohan.sharma37@gmail.com,UK,Bengaluru,4/7/2026,google,referral,aspirants,New,,Jan 2027,Raj,Community #2,follow up
Rohan Mensah,+92 8332185673,rohan.mensah37@gmail.com,Canada,Dhaka,4/7/2026,ig,community,mmt_amber_partnership,Booked,TU Munich,Jan 2027,Chirag,Community #1,asked about visa
Ananya Kaur,+880 9683150698,ananya.kaur4@gmail.com,USA,Kathmandu,10/8/2026,whatsapp,referral,,Lost,ASU,Sep 2026,Neha,Community #1,follow up
Karan Kaur,+92 7933238330,karan.kaur38@gmail.com,UK,Pune,18/7/2026,whatsapp,community,aspirants,Lost,UBC,Jan 2027,Raj,Community #2,asked about visa
Divya Patel,+233 7737898822,divya.patel95@gmail.com,USA,Lahore,24/7/2026,google,organic,scholarship_2026,Contacted,Monash,Sep 2026,Aditi,Community #1,follow up
Fatima Sharma,+880 9508982082,fatima.sharma75@gmail.com,UK,Accra,28/7/2026,direct,community,scholarship_2026,Booked,Monash,Sep 2026,Aditi,Community #2,asked about visa
Mehak Rahman,+92 8280178959,mehak.rahman72@gmail.com,Australia,Lahore,24/7/2026,google,social,,Booked,Warwick,Jan 2027,Chirag,Community #1,follow up
Tunde Osei,+234 7288153264,tunde.osei42@gmail.com,Australia,Dhaka,19/7/2026,google,referral,,New,University of Birmingham,Sep 2026,Neha,Community #2,hot lead
Ngozi Reddy,+233 8432477822,ngozi.reddy67@gmail.com,Germany,Lahore,25/8/2026,direct,organic,aspirants,Lost,UBC,Jan 2027,Raj,Community #1,follow up
Mehak Bello,+880 9125183575,mehak.bello74@gmail.com,USA,Dhaka,14/6/2026,direct,none,,Booked,UBC,Sep 2026,Chirag,Community #1,hot lead
Amara Rahman,+233 7575324484,amara.rahman84@gmail.com,Canada,Islamabad,3/7/2026,google,community,,Contacted,,Jan 2027,Chirag,Community #1,asked about visa
Sana Osei,+233 7349356292,sana.osei73@gmail.com,UK,Islamabad,2/6/2026,direct,social,aspirants,Qualified,,Sep 2026,Neha,Community #2,
Vikram Sharma,+234 7574075255,vikram.sharma99@gmail.com,Australia,Nairobi,1/8/2026,google,community,scholarship_2026,Lost,TU Munich,Jan 2027,Raj,Community #1,follow up
Rohan Patel,+91 7328019978,rohan.patel22@gmail.com,Australia,Accra,25/8/2026,direct,community,,New,University of Birmingham,Jan 2027,Chirag,Community #1,hot lead
Priya Verma,+977 7325886317,priya.verma9@gmail.com,Canada,Dhaka,6/7/2026,direct,community,,New,University of Birmingham,Sep 2026,Aditi,Community #1,asked about visa
Sneha Nwosu,+234 7144130893,sneha.nwosu76@gmail.com,USA,Kathmandu,20/6/2026,ig,none,mmt_amber_partnership,Booked,Monash,Jan 2027,Raj,Community #1,asked about visa
Emeka Nwosu,+880 8013062245,emeka.nwosu92@gmail.com,Germany,Pune,23/8/2026,whatsapp,social,scholarship_2026,Contacted,UBC,Jan 2027,Chirag,Community #1,hot lead
Mehak Patel,+92 8748960541,mehak.patel43@gmail.com,Germany,Delhi,18/7/2026,ig,social,,Qualified,,Sep 2026,Aditi,Community #1,asked about visa
Sneha Ali,+91 7914697067,sneha.ali4@gmail.com,Canada,Karachi,12/7/2026,whatsapp,referral,aspirants,Contacted,Monash,Sep 2026,Aditi,Community #2,follow up
Mehak Ahmed,+977 8327659400,mehak.ahmed81@gmail.com,Australia,Dhaka,12/6/2026,google,none,scholarship_2026,Contacted,Warwick,Sep 2026,Neha,Community #2,hot lead
Tunde Malik,+233 7696426451,tunde.malik97@gmail.com,UK,Delhi,8/8/2026,referral,social,mmt_amber_partnership,Booked,University of Birmingham,Sep 2026,Neha,Community #1,asked about visa
Chioma Iyer,+234 8051934682,chioma.iyer85@gmail.com,UK,Lagos,3/8/2026,referral,organic,mmt_amber_partnership,Contacted,Sheffield Hallam,Jan 2027,Raj,Community #1,hot lead
Chioma Gupta,+92 8166262871,chioma.gupta60@gmail.com,USA,Bengaluru,27/6/2026,whatsapp,social,mmt_amber_partnership,Qualified,ASU,Sep 2026,Aditi,Community #1,asked about visa
Fatima Iyer,+92 7377545505,fatima.iyer78@gmail.com,USA,Islamabad,21/7/2026,ig,none,aspirants,Lost,NTU,Jan 2027,Chirag,Community #1,follow up
Priya Reddy,+92 9062693665,priya.reddy23@gmail.com,Australia,Dhaka,24/7/2026,referral,none,mmt_amber_partnership,Booked,UBC,Sep 2026,Raj,Community #1,
Chioma Khan,+234 9231724573,chioma.khan5@gmail.com,Canada,Dhaka,20/8/2026,google,social,,Booked,TU Munich,Jan 2027,Raj,Community #1,asked about visa
Chioma Bello,+977 9255792326,chioma.bello81@gmail.com,Germany,Mumbai,11/7/2026,ig,referral,,Lost,NTU,Jan 2027,Chirag,Community #1,hot lead
Ayesha Nwosu,+233 7852842727,ayesha.nwosu8@gmail.com,USA,Kathmandu,18/6/2026,google,none,aspirants,Contacted,Monash,Sep 2026,Chirag,Community #2,asked about visa
Sneha Sharma,+233 9265968331,sneha.sharma18@gmail.com,Canada,Islamabad,23/6/2026,google,referral,scholarship_2026,Lost,TU Munich,Jan 2027,Raj,Community #2,follow up
Rahul Malik,+880 9750863228,rahul.malik27@gmail.com,UK,Islamabad,22/8/2026,google,social,mmt_amber_partnership,Booked,TU Munich,Sep 2026,Raj,Community #1,hot lead
Chioma Rahman,+880 7370231144,chioma.rahman42@gmail.com,Germany,Accra,4/6/2026,referral,organic,mmt_amber_partnership,Contacted,,Sep 2026,Raj,Community #1,asked about visa
Imran Singh,+977 8846944659,imran.singh14@gmail.com,Germany,Lahore,3/7/2026,direct,referral,mmt_amber_partnership,New,UBC,Sep 2026,Neha,Community #1,follow up
Imran Sharma,+91 9537661809,imran.sharma19@gmail.com,Canada,Kathmandu,5/6/2026,whatsapp,community,scholarship_2026,New,Monash,Jan 2027,Aditi,Community #1,hot lead
Mehak Mensah,+233 8210043233,mehak.mensah31@gmail.com,UK,Pune,8/7/2026,ig,community,,New,TU Munich,Jan 2027,Aditi,Community #2,follow up
Emeka Okonkwo,+234 9254339818,emeka.okonkwo21@gmail.com,USA,Accra,20/7/2026,direct,social,aspirants,Booked,Warwick,Sep 2026,Chirag,Community #1,
Ananya Bello,+880 7469147127,ananya.bello10@gmail.com,UK,Mumbai,27/6/2026,direct,organic,aspirants,Booked,University of Birmingham,Sep 2026,Chirag,Community #2,hot lead
Kabir Osei,+977 8140684385,kabir.osei26@gmail.com,Germany,Lagos,15/6/2026,referral,organic,,Booked,,Sep 2026,Aditi,Community #1,
Karan Malik,+977 7973384058,karan.malik74@gmail.com,Germany,Kathmandu,22/8/2026,direct,referral,mmt_amber_partnership,Qualified,,Sep 2026,Chirag,Community #1,asked about visa
Rahul Osei,+92 8818286122,rahul.osei54@gmail.com,Canada,Mumbai,3/8/2026,whatsapp,community,,Booked,Monash,Sep 2026,Chirag,Community #1,follow up
Fatima Nwosu,+92 9128822447,fatima.nwosu25@gmail.com,Australia,Delhi,24/8/2026,google,none,scholarship_2026,Lost,Warwick,Sep 2026,Raj,Community #1,asked about visa
Kabir Eze,+234 9829475946,kabir.eze71@gmail.com,Australia,Islamabad,3/8/2026,ig,community,aspirants,Booked,ASU,Sep 2026,Chirag,Community #2,
Divya Malik,+91 8324941051,divya.malik7@gmail.com,Canada,Pune,12/6/2026,ig,community,scholarship_2026,Booked,Monash,Sep 2026,Chirag,Community #2,
Kwame Osei,+91 9386256486,kwame.osei22@gmail.com,Canada,Islamabad,28/8/2026,google,social,mmt_amber_partnership,New,TU Munich,Jan 2027,Neha,Community #2,
Fatima Adeyemi,+233 8072789043,fatima.adeyemi15@gmail.com,UK,Delhi,12/8/2026,whatsapp,organic,mmt_amber_partnership,Contacted,Warwick,Sep 2026,Aditi,Community #1,
Chinedu Verma,+234 7492382646,chinedu.verma38@gmail.com,Germany,Karachi,4/7/2026,referral,organic,mmt_amber_partnership,Booked,University of Birmingham,Sep 2026,Neha,Community #1,asked about visa
Nikhil Khan,+91 7244433892,nikhil.khan80@gmail.com,Australia,Lahore,16/8/2026,direct,referral,,Booked,TU Munich,Sep 2026,Neha,Community #1,follow up
Emeka Malik,+91 7692632246,emeka.malik47@gmail.com,Germany,Kathmandu,5/7/2026,referral,none,,Qualified,UBC,Sep 2026,Neha,Community #2,hot lead
Sneha Eze,+233 7148792689,sneha.eze19@gmail.com,USA,Bengaluru,1/6/2026,direct,organic,aspirants,Lost,Monash,Jan 2027,Chirag,Community #1,
Ishita Osei,+977 7324357567,ishita.osei37@gmail.com,USA,Karachi,25/6/2026,ig,organic,mmt_amber_partnership,Qualified,,Sep 2026,Neha,Community #2,hot lead
Karan Singh,+880 8650658140,karan.singh32@gmail.com,USA,Kathmandu,23/6/2026,whatsapp,referral,scholarship_2026,New,Warwick,Jan 2027,Aditi,Community #2,hot lead
Chinedu Mensah,+92 9358850435,chinedu.mensah33@gmail.com,Australia,Mumbai,19/6/2026,google,social,scholarship_2026,Lost,Sheffield Hallam,Sep 2026,Neha,Community #1,asked about visa
Chioma Ali,+977 9845218879,chioma.ali63@gmail.com,Canada,Karachi,25/7/2026,google,organic,aspirants,Contacted,Monash,Sep 2026,Raj,Community #1,
Kwame Malik,+92 9831375787,kwame.malik83@gmail.com,UK,Dhaka,15/7/2026,whatsapp,social,scholarship_2026,Lost,University of Birmingham,Sep 2026,Raj,Community #1,follow up
Bilal Reddy,+977 9868611966,bilal.reddy82@gmail.com,Canada,Pune,7/6/2026,whatsapp,organic,mmt_amber_partnership,New,Warwick,Jan 2027,Neha,Community #1,
Priya Okonkwo,+977 9007953846,priya.okonkwo64@gmail.com,Australia,Lahore,26/7/2026,google,none,aspirants,New,UBC,Jan 2027,Raj,Community #2,hot lead
Aarav Mensah,+234 7467479400,aarav.mensah99@gmail.com,UK,Kathmandu,3/6/2026,google,none,mmt_amber_partnership,Lost,,Sep 2026,Neha,Community #1,hot lead
Divya Khan,+977 8013395411,divya.khan99@gmail.com,Australia,Islamabad,16/8/2026,direct,community,mmt_amber_partnership,Qualified,,Jan 2027,Chirag,Community #1,
Fatima Adeyemi,+234 9060739906,fatima.adeyemi52@gmail.com,UK,Pune,16/8/2026,referral,referral,aspirants,New,,Sep 2026,Chirag,Community #1,hot lead
Hina Iyer,+977 9803931244,hina.iyer68@gmail.com,UK,Kathmandu,5/8/2026,whatsapp,none,,Contacted,UBC,Jan 2027,Aditi,Community #1,hot lead
Vikram Sharma,+91 9643594601,vikram.sharma52@gmail.com,Canada,Pune,4/6/2026,whatsapp,community,,Booked,ASU,Sep 2026,Raj,Community #1,
Ishita Nwosu,+234 8160936634,ishita.nwosu42@gmail.com,Germany,Delhi,23/7/2026,google,organic,,Contacted,NTU,Jan 2027,Neha,Community #1,hot lead
Karan Sharma,+880 9857642732,karan.sharma21@gmail.com,Canada,Delhi,3/7/2026,referral,community,,Contacted,University of Birmingham,Sep 2026,Neha,Community #1,asked about visa
Nikhil Mensah,+92 9245113201,nikhil.mensah15@gmail.com,USA,Pune,14/6/2026,whatsapp,organic,scholarship_2026,Lost,UBC,Sep 2026,Chirag,Community #2,asked about visa
Karan Gupta,+92 9932614314,karan.gupta75@gmail.com,USA,Dhaka,14/6/2026,ig,social,scholarship_2026,Lost,TU Munich,Jan 2027,Raj,Community #1,
Hina Patel,+91 8596927800,hina.patel68@gmail.com,Germany,Pune,3/7/2026,whatsapp,referral,scholarship_2026,Lost,,Sep 2026,Neha,Community #2,
Nikhil Nwosu,+977 7237245779,nikhil.nwosu91@gmail.com,USA,Pune,7/7/2026,google,organic,aspirants,New,TU Munich,Sep 2026,Aditi,Community #1,hot lead
Chioma Khan,+977 8486881299,chioma.khan37@gmail.com,Australia,Kathmandu,11/6/2026,direct,organic,,Booked,UBC,Jan 2027,Aditi,Community #1,asked about visa
Kabir Mensah,+977 7017241338,kabir.mensah78@gmail.com,Australia,Bengaluru,14/7/2026,referral,none,scholarship_2026,Contacted,Sheffield Hallam,Sep 2026,Raj,Community #1,asked about visa
Karan Eze,+233 9188951368,karan.eze59@gmail.com,Australia,Pune,18/8/2026,direct,none,mmt_amber_partnership,Lost,,Jan 2027,Chirag,Community #2,hot lead
Tunde Bello,+92 9008096455,tunde.bello87@gmail.com,Canada,Lagos,3/8/2026,referral,referral,mmt_amber_partnership,Qualified,Warwick,Jan 2027,Aditi,Community #1,follow up
Rohan Adeyemi,+233 7671279137,rohan.adeyemi22@gmail.com,Canada,Dhaka,25/6/2026,whatsapp,referral,,Contacted,University of Birmingham,Jan 2027,Aditi,Community #1,asked about visa
Rahul Verma,+880 7336857811,rahul.verma46@gmail.com,Australia,Mumbai,14/6/2026,google,none,aspirants,Qualified,ASU,Jan 2027,Aditi,Community #1,asked about visa
Imran Iyer,+233 7491110775,imran.iyer88@gmail.com,USA,Kathmandu,16/8/2026,direct,community,scholarship_2026,Lost,UBC,Jan 2027,Aditi,Community #1,
Aarav Osei,+92 7189187409,aarav.osei23@gmail.com,Canada,Islamabad,7/8/2026,referral,organic,mmt_amber_partnership,Qualified,TU Munich,Jan 2027,Aditi,Community #1,asked about visa
Rahul Ali,+92 9024658708,rahul.ali6@gmail.com,Germany,Lahore,7/6/2026,google,social,mmt_amber_partnership,Booked,ASU,Jan 2027,Neha,Community #1,asked about visa
Obi Malik,+234 9790886049,obi.malik48@gmail.com,UK,Delhi,5/8/2026,whatsapp,organic,aspirants,New,Warwick,Jan 2027,Aditi,Community #2,asked about visa
Kabir Sharma,+91 8942483857,kabir.sharma60@gmail.com,Germany,Islamabad,25/8/2026,direct,none,,Contacted,Sheffield Hallam,Jan 2027,Aditi,Community #2,follow up
Amara Sharma,+977 7761536246,amara.sharma52@gmail.com,Australia,Pune,25/8/2026,google,community,mmt_amber_partnership,Booked,Warwick,Sep 2026,Raj,Community #1,
Aarav Patel,+880 7289138263,aarav.patel73@gmail.com,Germany,Pune,27/8/2026,whatsapp,organic,,New,,Jan 2027,Chirag,Community #2,
Karan Singh,+234 8698110789,karan.singh24@gmail.com,Australia,Bengaluru,5/8/2026,referral,organic,aspirants,Qualified,ASU,Jan 2027,Neha,Community #2,asked about visa
Ngozi Rahman,+234 9840259837,ngozi.rahman56@gmail.com,Australia,Bengaluru,2/8/2026,google,referral,scholarship_2026,New,TU Munich,Jan 2027,Aditi,Community #2,follow up
Karan Ahmed,+880 9316482892,karan.ahmed85@gmail.com,UK,Islamabad,26/7/2026,google,social,aspirants,Booked,UBC,Sep 2026,Neha,Community #1,asked about visa
Chioma Ahmed,+233 9001269587,chioma.ahmed52@gmail.com,Germany,Dhaka,7/7/2026,whatsapp,social,scholarship_2026,Booked,Sheffield Hallam,Sep 2026,Chirag,Community #1,asked about visa
Obi Reddy,+977 9623731512,obi.reddy64@gmail.com,USA,Delhi,1/6/2026,google,referral,scholarship_2026,Contacted,TU Munich,Sep 2026,Aditi,Community #1,follow up
Ishita Nwosu,+977 9731443762,ishita.nwosu91@gmail.com,Germany,Delhi,2/6/2026,direct,referral,aspirants,Contacted,University of Birmingham,Sep 2026,Aditi,Community #1,follow up
Karan Reddy,+977 7504550575,karan.reddy34@gmail.com,Canada,Mumbai,26/8/2026,whatsapp,referral,scholarship_2026,Booked,University of Birmingham,Jan 2027,Aditi,Community #1,hot lead
Zainab Okonkwo,+234 8521929519,zainab.okonkwo94@gmail.com,USA,Lahore,21/6/2026,google,none,aspirants,New,UBC,Sep 2026,Chirag,Community #1,hot lead
Aarav Kaur,+91 7657073536,aarav.kaur36@gmail.com,Canada,Nairobi,12/7/2026,referral,community,aspirants,Contacted,NTU,Jan 2027,Neha,Community #1,hot lead
Ananya Patel,+91 8128135477,ananya.patel20@gmail.com,Canada,Pune,19/6/2026,whatsapp,organic,mmt_amber_partnership,Booked,Warwick,Sep 2026,Neha,Community #1,follow up
Amara Rahman,+91 9371383292,amara.rahman59@gmail.com,UK,Islamabad,26/6/2026,referral,social,scholarship_2026,Lost,ASU,Jan 2027,Raj,Community #1,
Fatima Ali,+977 9282327297,fatima.ali54@gmail.com,Australia,Kathmandu,19/8/2026,ig,organic,scholarship_2026,Qualified,NTU,Sep 2026,Neha,Community #1,asked about visa
Bilal Patel,+91 9880541289,bilal.patel15@gmail.com,USA,Accra,5/7/2026,google,community,aspirants,Qualified,Warwick,Sep 2026,Chirag,Community #1,hot lead
Ngozi Gupta,+233 7666626661,ngozi.gupta31@gmail.com,Australia,Mumbai,7/7/2026,whatsapp,social,aspirants,New,University of Birmingham,Jan 2027,Chirag,Community #1,
Amara Verma,+91 8389361546,amara.verma80@gmail.com,Australia,Lagos,5/6/2026,google,community,aspirants,New,TU Munich,Sep 2026,Chirag,Community #1,follow up
Karan Patel,+91 7704191035,karan.patel99@gmail.com,USA,Bengaluru,20/6/2026,google,social,,Lost,NTU,Sep 2026,Neha,Community #2,asked about visa
Kabir Nwosu,+234 9404377030,kabir.nwosu87@gmail.com,USA,Karachi,3/6/2026,google,referral,scholarship_2026,Contacted,TU Munich,Jan 2027,Raj,Community #1,asked about visa
Rohan Singh,+91 9462389102,rohan.singh82@gmail.com,UK,Dhaka,16/6/2026,ig,organic,,New,UBC,Sep 2026,Aditi,Community #2,follow up
Chioma Rahman,+91 9441071099,chioma.rahman88@gmail.com,Australia,Karachi,27/7/2026,direct,none,mmt_amber_partnership,Lost,,Sep 2026,Raj,Community #1,follow up
Emeka Eze,+233 7775474568,emeka.eze74@gmail.com,UK,Lahore,7/6/2026,direct,organic,,Booked,Sheffield Hallam,Sep 2026,Neha,Community #2,hot lead
Adaeze Malik,+91 7362472309,adaeze.malik54@gmail.com,Germany,Nairobi,10/6/2026,google,none,scholarship_2026,Qualified,,Sep 2026,Raj,Community #1,asked about visa
Priya Rahman,+92 7288245521,priya.rahman24@gmail.com,Germany,Lahore,20/7/2026,referral,referral,aspirants,Contacted,University of Birmingham,Jan 2027,Chirag,Community #2,hot lead
Mehak Iyer,+234 8151989985,mehak.iyer51@gmail.com,Canada,Accra,5/7/2026,google,community,scholarship_2026,Contacted,ASU,Sep 2026,Raj,Community #1,
Emeka Verma,+977 8154498636,emeka.verma13@gmail.com,Australia,Islamabad,15/6/2026,referral,none,scholarship_2026,Qualified,ASU,Sep 2026,Neha,Community #2,hot lead
Ngozi Gupta,+233 9649898676,ngozi.gupta8@gmail.com,Germany,Accra,12/7/2026,google,social,aspirants,New,,Jan 2027,Aditi,Community #1,follow up
Imran Eze,+91 8065673238,imran.eze18@gmail.com,UK,Bengaluru,20/8/2026,whatsapp,referral,aspirants,Booked,NTU,Jan 2027,Chirag,Community #1,
